Workbook

Sheet Instrucciones
A1: Plan B · Taller Horizontes (caso Foodsume)
A2: Úsalo solo si la app no está disponible. Mismo cálculo que la app: promedio simple por criterio y los pesos de la semilla.
A4: 1. Cada persona llena una papeleta por ronda (papeleta.html, impresa) con los 2 proyectos y los 6 criterios.
A5: 2. Digita cada papeleta en la hoja Votos: mesa, ronda, proyecto y los 6 valores (solo 1, 3, 5, 7 o 9). Una fila por proyecto.
A6: 3. En Resultados escribe en C2 "Sala" o el número de la mesa. Los promedios y los ejes se calculan solos.
A7: 4. La hoja Matriz muestra los 8 fijos y los 2 vivos en R1 (verde, hueco) y R2 (rojo, sólido). Proyéctala.
A8: 5. Para conversar con la sala usa los 6 criterios y la columna Total (eje X + eje Y). T2M, Eje X y Eje Y solo ubican la burbuja en la matriz.
A10: Si ya tienes los promedios por criterio (por ejemplo, contados a mano), escríbelos en Resultados, filas "Promedio digitado", y deja vacía la hoja Votos.
A11: Nunca escribas nombres en la hoja Votos: la papeleta es anónima.

Sheet Votos
A1: Mesa | B1: Ronda | C1: Proyecto | D1: Nivel de Alistamiento Técnico | E1: Nivel de Conocimiento del Cliente/Mercado | F1: Regulación | G1: Capacidades Organizacionales | H1: Alineación y Cercanía Estratégica con el Core | I1: Inversión Requerida para Probar

Sheet Resultados
A1: Resultados por ronda
A2: Alcance (Sala o número de mesa): | C2: Sala
A4: Pesos
A5: T2M · alistamiento técnico | C5: 0.3
A6: T2M · conocimiento del cliente | C6: 0.35
A7: T2M · regulación | C7: 0.35
A8: Eje X · T2M | C8: 0.6
A9: Eje X · capacidades organizacionales | C9: 0.4
A10: Eje Y · alineación con el core | C10: 0.7
A11: Eje Y · inversión requerida | C11: 0.3
A13: Proyectos vivos (calculado desde la hoja Votos; si no hay votos, se usa el promedio digitado)
A14: Ronda | B14: Proyecto | C14: N.º votos | D14: Nivel de Alistamiento Técnico | E14: Nivel de Conocimiento del Cliente/Mercado | F14: Regulación | G14: Capacidades Organizacionales | H14: Alineación y Cercanía Estratégica con el Core | I14: Inversión Requerida para Probar | J14: T2M | K14: Eje X | L14: Eje Y | M14: TAM | N14: Total
A15: 1 | B15: INSUMEX | C15: =COUNTIFS(Votos!$B$2:$B$601,1,Votos!$C$2:$C$601,"INSUMEX",Votos!$A$2:$A$601,IF(OR($C$2="Sala",$C$2=""),"<>",$C$2)) | D15: =IF(C15>0,AVERAGEIFS(Votos!$D$2:$D$601,Votos!$B$2:$B$601,1,Votos!$C$2:$C$601,"INSUMEX",Votos!$A$2:$A$601,IF(OR($C$2="Sala",$C$2=""),"<>",$C$2)),IF(D22="","",D22)) | E15: =IF(C15>0,AVERAGEIFS(Votos!$E$2:$E$601,Votos!$B$2:$B$601,1,Votos!$C$2:$C$601,"INSUMEX",Votos!$A$2:$A$601,IF(OR($C$2="Sala",$C$2=""),"<>",$C$2)),IF(E22="","",E22)) | F15: =IF(C15>0,AVERAGEIFS(Votos!$F$2:$F$601,Votos!$B$2:$B$601,1,Votos!$C$2:$C$601,"INSUMEX",Votos!$A$2:$A$601,IF(OR($C$2="Sala",$C$2=""),"<>",$C$2)),IF(F22="","",F22)) | G15: =IF(C15>0,AVERAGEIFS(Votos!$G$2:$G$601,Votos!$B$2:$B$601,1,Votos!$C$2:$C$601,"INSUMEX",Votos!$A$2:$A$601,IF(OR($C$2="Sala",$C$2=""),"<>",$C$2)),IF(G22="","",G22)) | H15: =IF(C15>0,AVERAGEIFS(Votos!$H$2:$H$601,Votos!$B$2:$B$601,1,Votos!$C$2:$C$601,"INSUMEX",Votos!$A$2:$A$601,IF(OR($C$2="Sala",$C$2=""),"<>",$C$2)),IF(H22="","",H22)) | I15: =IF(C15>0,AVERAGEIFS(Votos!$I$2:$I$601,Votos!$B$2:$B$601,1,Votos!$C$2:$C$601,"INSUMEX",Votos!$A$2:$A$601,IF(OR($C$2="Sala",$C$2=""),"<>",$C$2)),IF(I22="","",I22)) | J15: =IF(COUNT(D15,E15,F15)<3,NA(),D15*$C$5+E15*$C$6+F15*$C$7) | K15: =IF(OR(ISNA(J15),G15=""),NA(),J15*$C$8+G15*$C$9) | L15: =IF(OR(H15="",I15=""),NA(),H15*$C$10+I15*$C$11) | M15: 5 | N15: =IF(OR(ISNA(K15),ISNA(L15)),NA(),K15+L15)
A16: 1 | B16: NUTRIWHAT | C16: =COUNTIFS(Votos!$B$2:$B$601,1,Votos!$C$2:$C$601,"NUTRIWHAT",Votos!$A$2:$A$601,IF(OR($C$2="Sala",$C$2=""),"<>",$C$2)) | D16: =IF(C16>0,AVERAGEIFS(Votos!$D$2:$D$601,Votos!$B$2:$B$601,1,Votos!$C$2:$C$601,"NUTRIWHAT",Votos!$A$2:$A$601,IF(OR($C$2="Sala",$C$2=""),"<>",$C$2)),IF(D23="","",D23)) | E16: =IF(C16>0,AVERAGEIFS(Votos!$E$2:$E$601,Votos!$B$2:$B$601,1,Votos!$C$2:$C$601,"NUTRIWHAT",Votos!$A$2:$A$601,IF(OR($C$2="Sala",$C$2=""),"<>",$C$2)),IF(E23="","",E23)) | F16: =IF(C16>0,AVERAGEIFS(Votos!$F$2:$F$601,Votos!$B$2:$B$601,1,Votos!$C$2:$C$601,"NUTRIWHAT",Votos!$A$2:$A$601,IF(OR($C$2="Sala",$C$2=""),"<>",$C$2)),IF(F23="","",F23)) | G16: =IF(C16>0,AVERAGEIFS(Votos!$G$2:$G$601,Votos!$B$2:$B$601,1,Votos!$C$2:$C$601,"NUTRIWHAT",Votos!$A$2:$A$601,IF(OR($C$2="Sala",$C$2=""),"<>",$C$2)),IF(G23="","",G23)) | H16: =IF(C16>0,AVERAGEIFS(Votos!$H$2:$H$601,Votos!$B$2:$B$601,1,Votos!$C$2:$C$601,"NUTRIWHAT",Votos!$A$2:$A$601,IF(OR($C$2="Sala",$C$2=""),"<>",$C$2)),IF(H23="","",H23)) | I16: =IF(C16>0,AVERAGEIFS(Votos!$I$2:$I$601,Votos!$B$2:$B$601,1,Votos!$C$2:$C$601,"NUTRIWHAT",Votos!$A$2:$A$601,IF(OR($C$2="Sala",$C$2=""),"<>",$C$2)),IF(I23="","",I23)) | J16: =IF(COUNT(D16,E16,F16)<3,NA(),D16*$C$5+E16*$C$6+F16*$C$7) | K16: =IF(OR(ISNA(J16),G16=""),NA(),J16*$C$8+G16*$C$9) | L16: =IF(OR(H16="",I16=""),NA(),H16*$C$10+I16*$C$11) | M16: 6 | N16: =IF(OR(ISNA(K16),ISNA(L16)),NA(),K16+L16)
A17: 2 | B17: INSUMEX | C17: =COUNTIFS(Votos!$B$2:$B$601,2,Votos!$C$2:$C$601,"INSUMEX",Votos!$A$2:$A$601,IF(OR($C$2="Sala",$C$2=""),"<>",$C$2)) | D17: =IF(C17>0,AVERAGEIFS(Votos!$D$2:$D$601,Votos!$B$2:$B$601,2,Votos!$C$2:$C$601,"INSUMEX",Votos!$A$2:$A$601,IF(OR($C$2="Sala",$C$2=""),"<>",$C$2)),IF(D24="","",D24)) | E17: =IF(C17>0,AVERAGEIFS(Votos!$E$2:$E$601,Votos!$B$2:$B$601,2,Votos!$C$2:$C$601,"INSUMEX",Votos!$A$2:$A$601,IF(OR($C$2="Sala",$C$2=""),"<>",$C$2)),IF(E24="","",E24)) | F17: =IF(C17>0,AVERAGEIFS(Votos!$F$2:$F$601,Votos!$B$2:$B$601,2,Votos!$C$2:$C$601,"INSUMEX",Votos!$A$2:$A$601,IF(OR($C$2="Sala",$C$2=""),"<>",$C$2)),IF(F24="","",F24)) | G17: =IF(C17>0,AVERAGEIFS(Votos!$G$2:$G$601,Votos!$B$2:$B$601,2,Votos!$C$2:$C$601,"INSUMEX",Votos!$A$2:$A$601,IF(OR($C$2="Sala",$C$2=""),"<>",$C$2)),IF(G24="","",G24)) | H17: =IF(C17>0,AVERAGEIFS(Votos!$H$2:$H$601,Votos!$B$2:$B$601,2,Votos!$C$2:$C$601,"INSUMEX",Votos!$A$2:$A$601,IF(OR($C$2="Sala",$C$2=""),"<>",$C$2)),IF(H24="","",H24)) | I17: =IF(C17>0,AVERAGEIFS(Votos!$I$2:$I$601,Votos!$B$2:$B$601,2,Votos!$C$2:$C$601,"INSUMEX",Votos!$A$2:$A$601,IF(OR($C$2="Sala",$C$2=""),"<>",$C$2)),IF(I24="","",I24)) | J17: =IF(COUNT(D17,E17,F17)<3,NA(),D17*$C$5+E17*$C$6+F17*$C$7) | K17: =IF(OR(ISNA(J17),G17=""),NA(),J17*$C$8+G17*$C$9) | L17: =IF(OR(H17="",I17=""),NA(),H17*$C$10+I17*$C$11) | M17: 5 | N17: =IF(OR(ISNA(K17),ISNA(L17)),NA(),K17+L17)
A18: 2 | B18: NUTRIWHAT | C18: =COUNTIFS(Votos!$B$2:$B$601,2,Votos!$C$2:$C$601,"NUTRIWHAT",Votos!$A$2:$A$601,IF(OR($C$2="Sala",$C$2=""),"<>",$C$2)) | D18: =IF(C18>0,AVERAGEIFS(Votos!$D$2:$D$601,Votos!$B$2:$B$601,2,Votos!$C$2:$C$601,"NUTRIWHAT",Votos!$A$2:$A$601,IF(OR($C$2="Sala",$C$2=""),"<>",$C$2)),IF(D25="","",D25)) | E18: =IF(C18>0,AVERAGEIFS(Votos!$E$2:$E$601,Votos!$B$2:$B$601,2,Votos!$C$2:$C$601,"NUTRIWHAT",Votos!$A$2:$A$601,IF(OR($C$2="Sala",$C$2=""),"<>",$C$2)),IF(E25="","",E25)) | F18: =IF(C18>0,AVERAGEIFS(Votos!$F$2:$F$601,Votos!$B$2:$B$601,2,Votos!$C$2:$C$601,"NUTRIWHAT",Votos!$A$2:$A$601,IF(OR($C$2="Sala",$C$2=""),"<>",$C$2)),IF(F25="","",F25)) | G18: =IF(C18>0,AVERAGEIFS(Votos!$G$2:$G$601,Votos!$B$2:$B$601,2,Votos!$C$2:$C$601,"NUTRIWHAT",Votos!$A$2:$A$601,IF(OR($C$2="Sala",$C$2=""),"<>",$C$2)),IF(G25="","",G25)) | H18: =IF(C18>0,AVERAGEIFS(Votos!$H$2:$H$601,Votos!$B$2:$B$601,2,Votos!$C$2:$C$601,"NUTRIWHAT",Votos!$A$2:$A$601,IF(OR($C$2="Sala",$C$2=""),"<>",$C$2)),IF(H25="","",H25)) | I18: =IF(C18>0,AVERAGEIFS(Votos!$I$2:$I$601,Votos!$B$2:$B$601,2,Votos!$C$2:$C$601,"NUTRIWHAT",Votos!$A$2:$A$601,IF(OR($C$2="Sala",$C$2=""),"<>",$C$2)),IF(I25="","",I25)) | J18: =IF(COUNT(D18,E18,F18)<3,NA(),D18*$C$5+E18*$C$6+F18*$C$7) | K18: =IF(OR(ISNA(J18),G18=""),NA(),J18*$C$8+G18*$C$9) | L18: =IF(OR(H18="",I18=""),NA(),H18*$C$10+I18*$C$11) | M18: 6 | N18: =IF(OR(ISNA(K18),ISNA(L18)),NA(),K18+L18)
A21: Promedio digitado (solo si no usas la hoja Votos)
A22: 1 | B22: INSUMEX
A23: 1 | B23: NUTRIWHAT
A24: 2 | B24: INSUMEX
A25: 2 | B25: NUTRIWHAT
A27: Proyectos fijos (calificación precargada de la semilla, no se votan)
B28: Proyecto | D28: Nivel de Alistamiento Técnico | E28: Nivel de Conocimiento del Cliente/Mercado | F28: Regulación | G28: Capacidades Organizacionales | H28: Alineación y Cercanía Estratégica con el Core | I28: Inversión Requerida para Probar | J28: T2M | K28: Eje X | L28: Eje Y | M28: TAM | N28: Total
B29: BIOSKIN | D29: 7 | E29: 7 | F29: 2 | G29: 3 | H29: 8 | I29: 1 | J29: =D29*$C$5+E29*$C$6+F29*$C$7 | K29: =J29*$C$8+G29*$C$9 | L29: =H29*$C$10+I29*$C$11 | M29: 10 | N29: =K29+L29
B30: CRYPTO TRADE | D30: 1 | E30: 3 | F30: 1 | G30: 1 | H30: 1 | I30: 1 | J30: =D30*$C$5+E30*$C$6+F30*$C$7 | K30: =J30*$C$8+G30*$C$9 | L30: =H30*$C$10+I30*$C$11 | M30: 6 | N30: =K30+L30
B31: TRUCKPOOL | D31: 7 | E31: 4.6 | F31: 6 | G31: 3 | H31: 9 | I31: 7 | J31: =D31*$C$5+E31*$C$6+F31*$C$7 | K31: =J31*$C$8+G31*$C$9 | L31: =H31*$C$10+I31*$C$11 | M31: 7 | N31: =K31+L31
B32: COOLING72 | D32: 2.6 | E32: 2.8 | F32: 3 | G32: 3 | H32: 7 | I32: 7 | J32: =D32*$C$5+E32*$C$6+F32*$C$7 | K32: =J32*$C$8+G32*$C$9 | L32: =H32*$C$10+I32*$C$11 | M32: 4 | N32: =K32+L32
B33: SUMSNACK | D33: 7 | E33: 3 | F33: 5 | G33: 3 | H33: 5 | I33: 7 | J33: =D33*$C$5+E33*$C$6+F33*$C$7 | K33: =J33*$C$8+G33*$C$9 | L33: =H33*$C$10+I33*$C$11 | M33: 2 | N33: =K33+L33
B34: YUMMI | D34: 7 | E34: 7 | F34: 9 | G34: 9 | H34: 7 | I34: 5 | J34: =D34*$C$5+E34*$C$6+F34*$C$7 | K34: =J34*$C$8+G34*$C$9 | L34: =H34*$C$10+I34*$C$11 | M34: 1 | N34: =K34+L34
B35: DEHIDRA | D35: 7 | E35: 1 | F35: 1 | G35: 9 | H35: 3 | I35: 7 | J35: =D35*$C$5+E35*$C$6+F35*$C$7 | K35: =J35*$C$8+G35*$C$9 | L35: =H35*$C$10+I35*$C$11 | M35: 1 | N35: =K35+L35
B36: NUTREPET | D36: 3 | E36: 1 | F36: 7 | G36: 5 | H36: 1 | I36: 7 | J36: =D36*$C$5+E36*$C$6+F36*$C$7 | K36: =J36*$C$8+G36*$C$9 | L36: =H36*$C$10+I36*$C$11 | M36: 8 | N36: =K36+L36

Sheet Matriz
A1: PRIORIZACIÓN DE PORTAFOLIO POR HORIZONTES
A36: Fijos en gris; cada vivo aparece en R1 (verde, hueco) y R2 (rojo, sólido). Tamaño de la burbuja: TAM. Horizontes: H1 hasta radio 4,5; H2 hasta 9; H3 afuera.
